<?xml version="1.0"?>
<!DOCTYPE hibernate-mapping PUBLIC "-//Hibernate/Hibernate Mapping DTD 3.0//EN"
"http://www.hibernate.org/dtd/hibernate-mapping-3.0.dtd">
<!-- Generated 29/10/2023 02:21:05 PM by Hibernate Tools 4.3.1 -->
<hibernate-mapping>
    <class name="POJOs.Cliente" table="cliente" catalog="finalseminario" optimistic-lock="version">
        <id name="idCliente" type="java.lang.Integer">
            <column name="ID_CLIENTE" />
            <generator class="identity" />
        </id>
        <many-to-one name="usuarioByUsuarioIngresa" class="POJOs.Usuario" fetch="select">
            <column name="USUARIO_INGRESA" />
        </many-to-one>
        <many-to-one name="usuarioByUsuarioModifica" class="POJOs.Usuario" fetch="select">
            <column name="USUARIO_MODIFICA" />
        </many-to-one>
        <property name="estado" type="java.lang.Boolean">
            <column name="ESTADO" />
        </property>
        <property name="nombre" type="string">
            <column name="NOMBRE" length="50" />
        </property>
        <property name="apellido" type="string">
            <column name="APELLIDO" length="50" />
        </property>
        <property name="nit" type="string">
            <column name="NIT" length="50" />
        </property>
        <property name="telefono" type="string">
            <column name="TELEFONO" length="50" />
        </property>
        <property name="direccion" type="string">
            <column name="DIRECCION" length="50" />
        </property>
        <property name="fechaIngresa" type="date">
            <column name="FECHA_INGRESA" length="10" />
        </property>
        <property name="fechaModifica" type="date">
            <column name="FECHA_MODIFICA" length="10" />
        </property>
        <set name="ventas" table="venta" inverse="true" lazy="true" fetch="select">
            <key>
                <column name="ID_CLIENTE" />
            </key>
            <one-to-many class="POJOs.Venta" />
        </set>
    </class>
</hibernate-mapping>
