<?xml version="1.0"?>
<!DOCTYPE hibernate-mapping PUBLIC "-//Hibernate/Hibernate Mapping DTD 3.0//EN"
"http://www.hibernate.org/dtd/hibernate-mapping-3.0.dtd">
<!-- Generated 29/10/2023 02:21:05 PM by Hibernate Tools 4.3.1 -->
<hibernate-mapping>
    <class name="POJOs.DetalleVenta" table="detalle_venta" catalog="finalseminario" optimistic-lock="version">
        <id name="idDetalleVenta" type="java.lang.Integer">
            <column name="ID_DETALLE_VENTA" />
            <generator class="identity" />
        </id>
        <many-to-one name="producto" class="POJOs.Producto" fetch="select">
            <column name="ID_PRODUCTO" />
        </many-to-one>
        <many-to-one name="venta" class="POJOs.Venta" fetch="select">
            <column name="ID_VENTA" />
        </many-to-one>
        <property name="cantidad" type="java.lang.Integer">
            <column name="CANTIDAD" />
        </property>
        <property name="monto" type="big_decimal">
            <column name="MONTO" precision="10" />
        </property>
    </class>
</hibernate-mapping>
