<?xml version="1.0"?>
<!DOCTYPE hibernate-mapping PUBLIC "-//Hibernate/Hibernate Mapping DTD 3.0//EN"
"http://www.hibernate.org/dtd/hibernate-mapping-3.0.dtd">
<!-- Generated 29/10/2023 02:21:05 PM by Hibernate Tools 4.3.1 -->
<hibernate-mapping>
    <class name="POJOs.Rol" table="rol" catalog="finalseminario" optimistic-lock="version">
        <id name="idRol" type="java.lang.Integer">
            <column name="ID_ROL" />
            <generator class="identity" />
        </id>
        <property name="descripcion" type="string">
            <column name="DESCRIPCION" length="50" />
        </property>
        <set name="usuarios" table="usuario" inverse="true" lazy="true" fetch="select">
            <key>
                <column name="ID_ROL" not-null="true" />
            </key>
            <one-to-many class="POJOs.Usuario" />
        </set>
    </class>
</hibernate-mapping>
