<?xml version="1.0"?>
<!DOCTYPE hibernate-mapping PUBLIC "-//Hibernate/Hibernate Mapping DTD 3.0//EN"
"http://www.hibernate.org/dtd/hibernate-mapping-3.0.dtd">
<!-- Generated 29/10/2023 02:21:05 PM by Hibernate Tools 4.3.1 -->
<hibernate-mapping>
    <class name="POJOs.TipoPago" table="tipo_pago" catalog="finalseminario" optimistic-lock="version">
        <id name="idTipoPago" type="java.lang.Integer">
            <column name="ID_TIPO_PAGO" />
            <generator class="identity" />
        </id>
        <property name="estado" type="java.lang.Boolean">
            <column name="ESTADO" />
        </property>
        <property name="nombre" type="string">
            <column name="NOMBRE" length="50" />
        </property>
        <set name="compras" table="compra" inverse="true" lazy="true" fetch="select">
            <key>
                <column name="ID_TIPO_PAGO" />
            </key>
            <one-to-many class="POJOs.Compra" />
        </set>
        <set name="ventas" table="venta" inverse="true" lazy="true" fetch="select">
            <key>
                <column name="ID_TIPO_PAGO" />
            </key>
            <one-to-many class="POJOs.Venta" />
        </set>
    </class>
</hibernate-mapping>
